dba_name,zip,predicted_failure_probability,risk_zone
pho viet,60640,0.9742345809936523,high
pho viet,60640,0.9696630239486694,high
culver's of chicago ravenswood,60613,0.9295971989631653,high
pho viet,60640,0.9239862561225891,high
pho viet,60640,0.9222988486289978,high
grk greek kitchen,60611,0.9118241667747498,high
wingstop,60616,0.9085003733634949,high
delhi darbar,60659,0.8884074687957764,high
delhi darbar,60659,0.8774111866950989,high
midway sub,60638,0.8681630492210388,high
pho viet,60640,0.8569363355636597,high
"wilson wings, inc wingstop restaurant",60640,0.8563492298126221,high
midway sub,60638,0.8506376147270203,high
midway sub,60638,0.838782787322998,high
midway sub,60638,0.8340811729431152,high
wingstop,60616,0.8278435468673706,high
rosati's pizza loop,60606,0.8259567022323608,high
delhi darbar,60659,0.8245985507965088,high
wingstop,60616,0.8062669634819031,high
wingstop,60616,0.797507643699646,high
rosati's pizza loop,60606,0.7798532247543335,high
culver's of chicago ravenswood,60613,0.7573610544204712,high
midway sub,60638,0.7464057803153992,medium
midway sub,60638,0.7173017263412476,medium
wingstop,60616,0.7169062495231628,medium
wingstop,60616,0.6903959512710571,medium
pizzeria uno,60614,0.6781780123710632,medium
grk greek kitchen,60611,0.660289466381073,medium
wingstop,60616,0.6596071720123291,medium
pho viet,60640,0.6401784420013428,medium
stanley's grill,60642,0.6235063076019287,medium
stanley's grill,60642,0.6064642071723938,medium
culver's of chicago ravenswood,60613,0.6006526350975037,medium
culver's of chicago ravenswood,60613,0.5189355611801147,medium
pizzeria uno,60614,0.4706575274467468,low
wingstop,60616,0.45724257826805115,low
helfeld's delicatessen & catering,60622,0.44540244340896606,low
stanley's grill,60642,0.4181438982486725,low
rosati's pizza loop,60606,0.3729862868785858,low
rosati's pizza loop,60606,0.33230841159820557,low
delhi darbar,60659,0.30299049615859985,low
rosati's pizza loop,60606,0.270219624042511,low
rosati's pizza loop,60606,0.23155777156352997,low
