dba_name,zip,predicted_failure_probability,risk_zone,scoring_status
mariscos y taqueria,60647,0.9499332904815674,high,Scored
pie eyed pizzeria,60642,0.9428579211235046,high,Scored
barcocina,60622,0.9085003733634949,high,Scored
mariscos y taqueria,60647,0.8976276516914368,high,Scored
barcocina,60622,0.871044933795929,high,Scored
pie eyed pizzeria,60642,0.8382989168167114,high,Scored
pie eyed pizzeria,60642,0.8257831335067749,high,Scored
mariscos y taqueria,60647,0.8236406445503235,high,Scored
birrieria y taqueria el arandas,60609,0.8059595227241516,high,Scored
birrieria y taqueria el arandas,60609,0.7749366760253906,high,Scored
birrieria y taqueria el arandas,60609,0.7409241795539856,medium,Scored
pie eyed pizzeria,60642,0.7092134952545166,medium,Scored
mcdonalds,60607,0.6613889932632446,medium,Scored
mariscos y taqueria,60647,0.6549599170684814,medium,Scored
pete's  pizza & bakehouse,60660,0.6526890993118286,medium,Scored
pete's  pizza & bakehouse,60660,0.6490902900695801,medium,Scored
mariscos y taqueria,60647,0.5845853090286255,medium,Scored
pete's  pizza & bakehouse,60660,0.5824499130249023,medium,Scored
pete's  pizza & bakehouse,60660,0.5722182393074036,medium,Scored
barcocina,60622,0.5355713963508606,medium,Scored
pete's  pizza & bakehouse,60660,0.5095938444137573,medium,Scored
birrieria y taqueria el arandas,60609,0.4880053997039795,low,Scored
