dba_name,address,zip,place_id,predicted_failure_probability,risk_zone,scoring_status
tanuki,3006 N Sheffield Ave,60657,ChIJ22do2qnTD4gRuZ0lT7yDtjE,0.9685187339782715,high,Scored
thai thank you rice & noodles,3248 N Lincoln Ave,60657,ChIJQ9ZDJlrSD4gR76bh_rZRW1Y,0.9660506248474121,high,Scored
popeye's #860,346 E 95th St,60619,ChIJEUBURgkmDogRfBjkTr43t4I,0.9556970596313477,high,Scored
"mayflower seafood restaurant, llc",2225 S Wentworth Ave,60616,ChIJSVUZvGMsDogRpfcbkSUxevc,0.9405883550643921,high,Scored
el taco azteca bridgeport,3355 S Morgan St,60608,ChIJBcRufPUtDogR8dXkLz2KMSs,0.9372990131378174,high,Scored
racine plumbing,2642 N Lincoln Ave,60614,ChIJS3uV0QPTD4gR7GFWgUnRvIY,0.9283775687217712,high,Scored
baba pita,2343 W Taylor St,60612,ChIJqVRh_tksDogRMThiBf9V2aU,0.9144991040229797,high,Scored
don pedro mexican restaurant,4064 N Lincoln Ave,60618,ChIJsZBsHSHTD4gR2NhvExsPcyM,0.8848432898521423,high,Scored
frida room,1454 W 18th St,60608,ChIJ8w7qMQctDogRKoVjmpQPh3I,0.8781843781471252,high,Scored
so gong dong korean b.b.q.,2101 S China Pl,60616,ChIJa_jNAGItDogRyuOoqcthv9s,0.8635551929473877,high,Scored
deep purpl,2472 N Clark St,60614,ChIJEQoRK-zTD4gRqzxkeCwuBMQ,0.8575499057769775,high,Scored
wabi sabi rotary,4521 N Sheridan Rd,60640,ChIJRWXt7M3TD4gRbukwBZkiIgg,0.8439951539039612,high,Scored
jaiyen ii,3159 N California Ave,60618,ChIJNbBEg4DND4gRmsZ31IgWGyQ,0.8369383811950684,high,Scored
ecuador restaurant inc,2923 W Diversey Ave,60647,ChIJjecVmX7ND4gRxk8xlh5YWfE,0.8181891441345215,high,Scored
the northside stretch,3485 N Clark St,60657,ChIJHY7We7LTD4gRkS0b5PjY3b4,0.5798232555389404,medium,Scored
cafe sophie,847 N State St,60610,ChIJ_yXHwWPTD4gRDd2d-e64rCk,0.5210447907447815,medium,Scored
canaan piza inc sarpino's pizza,4830 N Pulaski Rd,60630,ChIJGQmAitDND4gROhjTydzIISs,0.5139849185943604,medium,Scored
fry the coop,4300 N Milwaukee Ave,60641,ChIJ01KO-tfND4gRbHUycx7gjC4,0.4286213219165802,low,Scored
modern asian kitchen,1924 W Division St,60622,ChIJ8QLircnSD4gRpYbibqTsimg,0.402971476316452,low,Scored
stetson's,151 E Wacker Dr,60601,ChIJS5LrJ6ksDogR5RaFsnPzqE8,0.3973684310913086,low,Scored
harold's chicken #69,9938 S Torrence Ave,60617,ChIJ0f4uKAAnDogRUts1tSc4Yoo,0.26653826236724854,low,Scored
five guys burgers & fries,22 S Clinton St,60661,ChIJD0mx0MYsDogRXc159ExRWLQ,0.1298394799232483,low,Scored
