dba_name,address,zip,place_id,predicted_failure_probability,risk_zone,scoring_status
burger king #12371,3953 W Chicago Ave,60651,ChIJoce1PcbMD4gRNDU48i4_dvE,0.9743582606315613,high,Scored
falafel grill,1433 W Montrose Ave,60613,ChIJ04YlOAzTD4gRvxJCOop3cgE,0.9185419082641602,high,Scored
s2 express grill,5058 S Halsted St,60609,ChIJBcUoyH4vDogRozGQsaXK9Cs,0.8975427746772766,high,Scored
"el gallo giro, inc.",6531 W 63rd St,60638,ChIJ801zaig3DogRhaeMEo1rDDQ,0.8845635652542114,high,Scored
popeyes #2836,1949 W Fullerton Ave,60614,ChIJK9MqSu3SD4gRFapgOy47Woc,0.8619374632835388,high,Scored
pozoleria iguala in chicago inc.,3835 W Fullerton Ave,60647,ChIJmwKWdRHND4gRSmG7rLi8sSk,0.8181891441345215,high,Scored
90 miles cuban cafe,2540 W Armitage Ave,60647,ChIJVUpBx5jSD4gRYmMbZiWygvY,0.7287410497665405,medium,Scored
savanna restaurant,4111 N Lincoln Ave,60618,ChIJY3ReLxXSD4gRDm5R4d5jt6s,0.6306577324867249,medium,Scored
the warehouse bar  & pizzeria,1419 W Fullerton Ave,60614,ChIJB34BueTSD4gRhV9CBep1Imc,0.5217742323875427,medium,Scored
migos fine foods,5044 W Montrose Ave,60641,ChIJI9VAd0nND4gRo_ixebU0ac0,0.4047362804412842,low,Scored
whale tale,2211 N Clybourn Ave,60614,ChIJHfVnP-TSD4gR8oVb8hZbizQ,0.28663530945777893,low,Scored
