dba_name,zip,predicted_failure_probability,risk_zone
white castle #21,60634,0.9738181829452515,high
white castle #21,60634,0.9492978453636169,high
sunset pho caffe,60657,0.9458006620407104,high
sunset pho caffe,60657,0.9455928802490234,high
yee heung xian cuisine,60616,0.9414165616035461,high
silver spoon restaurant,60611,0.9313311576843262,high
silver spoon restaurant,60611,0.9162968397140503,high
sunset pho caffe,60657,0.9047053456306458,high
silver spoon restaurant,60611,0.8975365161895752,high
yee heung xian cuisine,60616,0.8835510611534119,high
yee heung xian cuisine,60616,0.8834662437438965,high
sunset pho caffe,60657,0.8819584250450134,high
oiistar,60622,0.8590526580810547,high
silver spoon restaurant,60611,0.858479380607605,high
rosati's pizza loop,60606,0.8259567022323608,high
silver spoon restaurant,60611,0.7801482677459717,high
rosati's pizza loop,60606,0.7798532247543335,high
silver spoon restaurant,60611,0.7784906625747681,high
white castle #21,60634,0.7757388949394226,high
yee heung xian cuisine,60616,0.7751358151435852,high
white castle #21,60634,0.768160343170166,high
eat and run  nfp,60620,0.7558152675628662,high
eat and run  nfp,60620,0.7485460042953491,medium
silver spoon restaurant,60611,0.7470966577529907,medium
bistro ascione,60615,0.7095397114753723,medium
yolk test kitchen,60647,0.6741469502449036,medium
yolk test kitchen,60647,0.6378791332244873,medium
bistro ascione,60615,0.6156845092773438,medium
santa masa tamaleria,60634,0.6040709018707275,medium
tamu restaurant,60607,0.5184468626976013,medium
eat and run  nfp,60620,0.5152165293693542,medium
yolk test kitchen,60647,0.5070952773094177,medium
yolk test kitchen,60647,0.47889333963394165,low
bistro ascione,60615,0.4071512520313263,low
silver spoon restaurant,60611,0.38756024837493896,low
rosati's pizza loop,60606,0.3729862868785858,low
rosati's pizza loop,60606,0.33230841159820557,low
eat and run  nfp,60620,0.3210957944393158,low
oiistar,60622,0.2953477203845978,low
rosati's pizza loop,60606,0.270219624042511,low
rosati's pizza loop,60606,0.23155777156352997,low
