dba_name,address,zip,place_id,predicted_failure_probability,risk_zone,scoring_status
chicago soul sandwich,6558 S Western Ave,60636,ChIJsQziSk0vDogR8pF9cdh23Aw,0.9259342551231384,high,Scored
earl's bbq,4835 N Austin Ave,60630,ChIJldz0OPjLD4gR5vuX4omTqb0,0.9174008369445801,high,Scored
ciao ragazzi,5440 S Narragansett Ave,60638,ChIJ0-oNAuQ3DogRcPBvGsuc4KM,0.9026265144348145,high,Scored
taqueria el asadero #1,2213 W Montrose Ave,60618,ChIJxx7HZRHSD4gRwP6Re4Wa9Fc,0.8998632431030273,high,Scored
red lobster #0277,5201 S Pulaski Rd,60632,ChIJMfOpHpYxDogRffg0Zd_SMmk,0.7840649485588074,high,Scored
"red snapper hyde park, inc.",1418 E 53rd St,60615,ChIJg61z1G0pDogRN2Sp_-1b--A,0.7617123126983643,high,Scored
the art of chicken,2041 N Western Ave,60647,ChIJt5Jgv7jSD4gRGADMgfOI6oY,0.5732493996620178,medium,Scored
