dba_name,zip,predicted_failure_probability,risk_zone
bureau bar and restaurant llc,60616,0.9499332904815674,high
vince's pizza,60638,0.9428579211235046,high
bureau bar and restaurant llc,60616,0.9085003733634949,high
bureau bar and restaurant llc,60616,0.8976276516914368,high
bureau bar and restaurant llc,60616,0.871044933795929,high
vince's pizza,60638,0.8382989168167114,high
big bowl  big city chicken,60611,0.8257831335067749,high
bureau bar and restaurant llc,60616,0.8236406445503235,high
new modern grill inc,60657,0.8059595227241516,high
new modern grill inc,60657,0.7749366760253906,high
new modern grill inc,60657,0.7409241795539856,medium
vince's pizza,60638,0.7092134952545166,medium
bureau bar and restaurant llc,60616,0.6613889932632446,medium
byrons hot dog inc,60640,0.6549599170684814,medium
best sub,60647,0.6526890993118286,medium
big bowl  big city chicken,60611,0.6490902900695801,medium
byrons hot dog inc,60640,0.5845853090286255,medium
big bowl  big city chicken,60611,0.5824499130249023,medium
big bowl  big city chicken,60611,0.5722182393074036,medium
bureau bar and restaurant llc,60616,0.5355713963508606,medium
best sub,60647,0.5095938444137573,medium
best sub,60647,0.4880053997039795,low
byrons hot dog inc,60640,0.43640315532684326,low
