dba_name,zip,predicted_failure_probability,risk_zone
jason's deli,60607,0.9438309669494629,high
gio's sports bar,60625,0.8622506260871887,high
rainbow beach sub shop,60649,0.8044585585594177,high
taqueria el sauz,60609,0.6627439260482788,medium
o'leary's public house,60654,0.5932567119598389,medium
deep purpl,60615,0.5711153745651245,medium
naples pizza 3,60629,0.5680092573165894,medium
wingstop,60621,0.337003618478775,low
q sazon mexican restaurant,60652,0.26289132237434387,low
peanut park trattoria,60607,0.24386367201805115,low
