dba_name,zip,predicted_failure_probability,risk_zone,scoring_status
protein bar,60654,0.9499332904815674,high,Scored
cardozo's pub,60602,0.9428579211235046,high,Scored
"vntofu  fast food, inc.",60640,0.9085003733634949,high,Scored
"vntofu  fast food, inc.",60640,0.8976276516914368,high,Scored
miku sushi,60625,0.871044933795929,high,Scored
cardozo's pub,60602,0.8382989168167114,high,Scored
waffles,60607,0.8257831335067749,high,Scored
"el pacifico,inc",60647,0.8236406445503235,high,Scored
miku sushi,60625,0.8059595227241516,high,Scored
miku sushi,60625,0.7749366760253906,high,Scored
miku sushi,60625,0.7409241795539856,medium,Scored
cardozo's pub,60602,0.7092134952545166,medium,Scored
miku sushi,60625,0.6613889932632446,medium,Scored
china ho restaurant,60632,0.6549599170684814,medium,Scored
waffles,60607,0.6526890993118286,medium,Scored
waffles,60607,0.6490902900695801,medium,Scored
china ho restaurant,60632,0.5845853090286255,medium,Scored
waffles,60607,0.5824499130249023,medium,Scored
waffles,60607,0.5722182393074036,medium,Scored
miku sushi,60625,0.5355713963508606,medium,Scored
waffles,60607,0.5095938444137573,medium,Scored
oki sushi and thai,60707,0.4880053997039795,low,Scored
