dba_name,zip,predicted_failure_probability,risk_zone
penelope's vegan taqueria #2,60640,0.9499332904815674,high
house of biryani,60659,0.9428579211235046,high
hq beercade ii,60610,0.9085003733634949,high
hq beercade ii,60610,0.8976276516914368,high
cafe sushi wells,60610,0.871044933795929,high
house of biryani,60659,0.8382989168167114,high
house of biryani,60659,0.8257831335067749,high
penelope's vegan taqueria #2,60640,0.8236406445503235,high
the bar on buena,60613,0.8059595227241516,high
pizano's pizza and pasta south,60616,0.7749366760253906,high
pizano's pizza and pasta south,60616,0.7409241795539856,medium
house of biryani,60659,0.7092134952545166,medium
the bar on buena,60613,0.6613889932632446,medium
penelope's vegan taqueria #2,60640,0.6549599170684814,medium
house of biryani,60659,0.6526890993118286,medium
house of biryani,60659,0.6490902900695801,medium
wolcott tap,60613,0.5845853090286255,medium
house of biryani,60659,0.5824499130249023,medium
house of biryani,60659,0.5722182393074036,medium
the bar on buena,60613,0.5355713963508606,medium
swan grill,60651,0.5095938444137573,medium
swan grill,60651,0.4880053997039795,low
wolcott tap,60613,0.43640315532684326,low
wolcott tap,60613,NA,Not enough history
chipotle mexican grill #3430,60605,NA,Not enough history
chipotle mexican grill #3430,60605,NA,Not enough history
chipotle mexican grill #3430,60605,NA,Not enough history
chipotle mexican grill #3430,60605,NA,Not enough history
