dba_name,zip,predicted_failure_probability,risk_zone
china spring,60626,0.9499332904815674,high
ceres cafe,60604,0.9428579211235046,high
jerk palace hub,60617,0.9085003733634949,high
jerk palace hub,60617,0.8976276516914368,high
jarabe,60607,0.871044933795929,high
ceres cafe,60604,0.8382989168167114,high
cobblestone,60618,0.8257831335067749,high
china spring,60626,0.8236406445503235,high
jarabe,60607,0.8059595227241516,high
jarabe,60607,0.7749366760253906,high
jarabe,60607,0.7409241795539856,medium
ceres cafe,60604,0.7092134952545166,medium
jarabe,60607,0.6613889932632446,medium
cochiaros pizza #2,60639,0.6549599170684814,medium
cobblestone,60618,0.6526890993118286,medium
cobblestone,60618,0.6490902900695801,medium
cochiaros pizza #2,60639,0.5845853090286255,medium
cobblestone,60618,0.5824499130249023,medium
cobblestone,60618,0.5722182393074036,medium
jarabe,60607,0.5355713963508606,medium
jarabe,60607,0.5095938444137573,medium
jarabe,60607,0.4880053997039795,low
cochiaros pizza #2,60639,0.43640315532684326,low
cochiaros pizza #2,60639,,
cochiaros pizza #2,60639,,
cochiaros pizza #2,60639,,
cochiaros pizza #2,60639,,
senor pan cafe,60630,,
senor pan cafe,60630,,
senor pan cafe,60630,,
senor pan cafe,60630,,
sweetgreen,60640,,
sweetgreen,60640,,
sweetgreen,60640,,
