dba_name,zip,predicted_failure_probability,risk_zone
caribbean jerk place ii,60620,0.9499332904815674,high
havana grill,60654,0.9428579211235046,high
caribbean jerk place ii,60620,0.9085003733634949,high
caribbean jerk place ii,60620,0.8976276516914368,high
cedars meditherranean kitchen,60615,0.871044933795929,high
havana grill,60654,0.8382989168167114,high
havana grill,60654,0.8257831335067749,high
caribbean jerk place ii,60620,0.8236406445503235,high
cedars meditherranean kitchen,60615,0.8059595227241516,high
momo factory,60610,0.7749366760253906,high
tio luis tacos and cafe,60632,0.7409241795539856,medium
havana grill,60654,0.7092134952545166,medium
cedars meditherranean kitchen,60615,0.6613889932632446,medium
ptci express,60647,0.6549599170684814,medium
tio luis tacos and cafe,60632,0.6526890993118286,medium
tio luis tacos and cafe,60632,0.6490902900695801,medium
ptci express,60647,0.5845853090286255,medium
tio luis tacos and cafe,60632,0.5824499130249023,medium
tio luis tacos and cafe,60632,0.5722182393074036,medium
cedars meditherranean kitchen,60615,0.5355713963508606,medium
tio luis tacos and cafe,60632,0.5095938444137573,medium
tio luis tacos and cafe,60632,0.4880053997039795,low
gorditas loli's inc,60617,0.43640315532684326,low
gorditas loli's inc,60617,,
gorditas loli's inc,60617,,
gorditas loli's inc,60617,,
hide and seek,60607,,
hide and seek,60607,,
hide and seek,60607,,
hide and seek,60607,,
hide and seek,60607,,
