dba_name,address,zip,place_id,predicted_failure_probability,risk_zone,scoring_status
the bad apple,4300 N Lincoln Ave,60618,ChIJvdOe9RPSD4gRnU60PAsQ2ZM,,Not Enough History to Score,Not enough history
chicago pita kitchen,13227 S Brainard Ave,13227,ChIJ72vBUrMgDogRj8zp3axVADo,,Not Enough History to Score,Not enough history
emiliano's restaurant inc.,EMILIANO'S RESTAURANT,60623,ChIJgS4hyAczDogReujPnXPCTJ0,,Not Enough History to Score,Not enough history
recanto brazilian grill,928 W Belmont Ave,60657,ChIJ7VlamhPTD4gRogrtHoIFrU8,,Not Enough History to Score,Not enough history
mintza,2245 W Devon Ave,60659,ChIJ5d7QEgDRD4gRNMjzjgJ-6I0,,Not Enough History to Score,Not enough history
doc b's,100 E Walton St,60611,ChIJiT2x31PTD4gRPml2cCfCQJk,,Not Enough History to Score,Not enough history
polish highlanders alliance,4808 S Archer Ave,60632,ChIJMenWyJIxDogRZKHMoN6F0NM,,Not Enough History to Score,Not enough history
bobo's italian beef,6161 N Milwaukee Ave,60646,ChIJld153UjJD4gRkOZfS_Eun3U,,Not Enough History to Score,Not enough history
mcdonalds,Terminal 1 Concourse B,60666,ChIJe43hdSe0D4gR4svgBHeQ-CU,,Not Enough History to Score,Not enough history
stabucks coffee #19283,5964 N Ridge Ave,60660,ChIJh71XkEXRD4gRYSi3I8_H4Eg,,Not Enough History to Score,Not enough history
white palace grill,1159 S Canal St,60607,ChIJxQqi1uwsDogRGVPqkwQo7F0,0.9458306431770325,high,Scored
white castle #63,2140 S Wabash Ave,60616,ChIJIXveqn0sDogR8ervJbCHIK0,0.9117401242256165,high,Scored
bien me sabe venezuelan arepa bar,29 E Adams St,60603,ChIJEYFRkfgtDogR1OUVGc-SRko,0.8773967027664185,high,Scored
on the rocks edison park,6666 N Northwest Hwy,60631,ChIJIWDE8szJD4gRDTuzNNep2dM,0.8545598387718201,high,Scored
ristorante agostino,2817 N Harlem Ave,60707,ChIJmbalhAXLD4gRTuJ6C5VOpx4,0.8495859503746033,high,Scored
the elephant thai cuisine,5353 W Devon Ave,60646,ChIJT1FDXMfOD4gR-bZg1ElbTss,0.8306447863578796,high,Scored
vu rooftop and bar,133 E Cermak Rd,60616,ChIJHe76nSItDogR2XY6olDGPeI,0.8051649928092957,high,Scored
jam n' honey,958 W Webster Ave,60614,ChIJpzk5dRzTD4gRU2MT159klus,0.7957656979560852,high,Scored
mariscos la grulla,3325 W Cermak Rd,60623,ChIJORW4l2QyDogRrmo8yxBrZFw,0.7742583751678467,high,Scored
chucherias tropical creations,2627 W Division St,60622,ChIJzREv_i_TD4gR2yPlyRGG-X0,0.3522688150405884,low,Scored
taqueria el herradero,6828 S Pulaski Rd,60629,ChIJjR_CT08wDogRoHJ0MjbQ39M,0.25409236550331116,low,Scored
makki grill,4702 N Kimball Ave,60625,ChIJMXrYSgLND4gRAkyQJnr9wj8,0.7181439399719238,medium,Scored
china express restaurant,4640 N Cumberland Ave,60656,ChIJ4ezLY3PLD4gRY4vk17zXDIU,0.7166891098022461,medium,Scored
dog haus,1322 S Halsted St,60607,ChIJTVPDbwAtDogR9qdO-ewa6bQ,0.6940680742263794,medium,Scored
avenida peru co.,3131 N Central Ave,60634,ChIJ9eupBWjND4gRok7JAsBC04o,0.6822673678398132,medium,Scored
ina's restaurant,1738 W 47th St,60609,ChIJKY30Z0cvDogRQ7ZpUzpU5Ic,0.676613986492157,medium,Scored
paisans pizzeria and bar pulaski,6545 S Pulaski Rd,60629,ChIJ9U63_xkxDogRAwBaBnsIRbs,0.670877993106842,medium,Scored
him shikar,6031 N Cicero Ave,60646,ChIJ3TGQlJHOD4gRutMRuNwxcBE,0.6623306274414062,medium,Scored
the sedgwick stop,1612 N Sedgwick St,60614,ChIJI_6-XT_TD4gREx74fQSjeNI,0.5436926484107971,medium,Scored
73 st harolds chicken,7318 S Vincennes Ave,60621,ChIJtZ7J5hMvDogRpI6e10jqTmU,0.5141644477844238,medium,Scored
