dba_name,address,zip,place_id,predicted_failure_probability,risk_zone,scoring_status
"grand chinese kitchen , chicago",100 W 87th St,60620,ChIJ5dZAOAYoDogRpunVfNHRs3w,0.9727852940559387,high,Scored
great sea restaurant,3253 W Lawrence Ave,60625,ChIJE7E8suXND4gRftwdg-HTqVE,0.9625656008720398,high,Scored
revival food hall,125 S Clark St,60603,ChIJBUjqhbwsDogRzqYrjLZ4_Dg,0.9593112468719482,high,Scored
el barco restaurant,1035 N Ashland Ave,60622,ChIJKx-ZHNLSD4gRntTb6VqiXew,0.939444899559021,high,Scored
soup & scoops,6701 N Olmsted Ave,60631,ChIJMaceXcDJD4gRdlPbuf454PA,0.9371464848518372,high,Scored
mariscos el barbas,4569 N Elston Ave,60630,ChIJFwdNGFnND4gRlRn-2Akh8xI,0.9242669343948364,high,Scored
popeye's,616 E 103rd St,60628,ChIJu2HTxG8mDogRQ5Yopgni61E,0.9240512251853943,high,Scored
cheesie's pub & grub,1365 N Milwaukee Ave,60622,ChIJbQCJksXSD4gRzKDe7ufxsaw,0.9174689650535583,high,Scored
mo' wings pasta  and grill,7959 S Ashland Ave,60620,ChIJv7WPAtEvDogRLIIUVmJr2R8,0.9122321605682373,high,Scored
diner grill,1635 W Irving Park Rd,60613,ChIJd9lAoEfSD4gRrkAYlt5bJP0,0.9105021953582764,high,Scored
arturo's tacos,2001 N Western Ave,60647,ChIJ5-14kpfSD4gRUjD8ovqezKI,0.9002828001976013,high,Scored
mr greek gyros inc,234 S Halsted St,60661,ChIJO6tY38IsDogRnC8OWyPCmK0,0.8958987593650818,high,Scored
the globe pub,1934 W Irving Park Rd,60613,ChIJbUkZIEDSD4gRhF9YMlE-baI,0.8921926021575928,high,Scored
cedars meditherranean kitchen,1206 E 53rd St,60615,ChIJKUYDzWspDogROREryj3ZXlE,0.8913126587867737,high,Scored
nando's peri peri,670 W Diversey Pkwy,60614,ChIJNZmaVwjTD4gRWcQqopLyHCk,0.8903746008872986,high,Scored
el gran burrito,5632 W North Ave,60639,ChIJBUJaMKXMD4gRMKGjmDBZtI8,0.8703352808952332,high,Scored
hale mcdonald's,7832 S Western Ave,60620,ChIJnzsggu4vDogRyp98XfS9f1c,0.839133083820343,high,Scored
big boy gyros,3541 N Western Ave,60618,ChIJQRKgqnrSD4gRAktUvGhulIA,0.7926883697509766,high,Scored
rinconcito de morelos,3910 W North Ave,60647,ChIJ0RXeqDvND4gRsdSUozFqMEk,0.788349449634552,high,Scored
taqueria el bosque,3652 W Lawrence Ave,60625,ChIJux7iK0czDogR3cDkviuthd4,0.7816537022590637,high,Scored
alice's bar b que,65 E 43rd St,60653,ChIJuWnkHAIsDogRTiJi2myCpOE,0.7803438901901245,high,Scored
cleo's southern cuisine,4248 S Cottage Grove Ave,60653,ChIJM-CYYugrDogRllsDrW7ZCMk,0.7803438901901245,high,Scored
restaurante y taqueria guerrero,1922 W 47th St,60609,ChIJHdzdOXIuDogRWpI_V2rSpQ8,0.7772479057312012,high,Scored
food on the run express,130 E 51st St,60615,ChIJ-0L3BegvDogRrtvLYG1UV4A,0.7648665308952332,high,Scored
ptci express,2136 W North Ave,60647,ChIJeROIXrrMD4gRSSI606VXfQw,0.7575750350952148,high,Scored
potbelly sandwich shop,4185 W Irving Park Rd,60641,ChIJ5V5-JrTND4gR_inN8tDVJFU,0.7352800369262695,medium,Scored
rizzo's bar & inn,3658 N Clark St,60613,ChIJ2z1ZLrPTD4gRhQUkbvnmUJk,0.684487521648407,medium,Scored
sushi,1950 N Halsted St,60614,ChIJV7zBLJrTD4gRJNinx8bS3dU,0.6465248465538025,medium,Scored
del carmen mexican street food,2032 N Damen Ave,60647,ChIJie1CyADTD4gRpIywwfPZqug,0.622292160987854,medium,Scored
a's restaurant &  pancake house,6358 W Irving Park Rd,60634,ChIJAR4kAZLLD4gRPHewYzreCAM,0.6171671748161316,medium,Scored
chop suey city chicago inc.,3825 S Archer Ave,60632,ChIJIUjvLfstDogRtovgSM-83ZM,0.5841334462165833,medium,Scored
victor's restaurant and pizza,5418 W North Ave,60639,ChIJ7dowhrnMD4gRlXylhTtKxDw,0.5643434524536133,medium,Scored
dunkin donuts,2801 S Kedzie Ave,60623,ChIJVRmhs3MyDogRbLHUwDBctOY,0.5577873587608337,medium,Scored
thee asian restaurant,1811 W North Ave,60622,ChIJY0TwqMbSD4gRxavkfWurXgI,0.457255095243454,low,Scored
nancy's home of stuffed pizza,2930 N Broadway,60657,ChIJrVLaXKfTD4gR-CY58LfU_6s,0.40163442492485046,low,Scored
divan chicago,868 N Franklin St,60610,ChIJPTxlN8jTD4gRsc65rfVtRH4,0.39035192131996155,low,Scored
salad house inc.,3176 N Broadway,60657,ChIJ8cAkmabTD4gRcN4v48IKyF8,0.3165860176086426,low,Scored
"fooda, inc.",1 N Dearborn St,60602,ChIJixXa3FPTD4gRTEnrzOocuGE,,Not Enough History to Score,Not enough history
yours truly oyster bar,613 N Wells St Suite A,60654,ChIJlxLFz4ctDogRLi150LQunyQ,,Not Enough History to Score,Not enough history
common decency fever dream,3154 W Diversey Ave,60647,ChIJHR-nRdXND4gRubluJLvGJaU,,Not Enough History to Score,Not enough history
maxwell famous steak & limonade,9440 S Lafayette Ave,60620,ChIJLVS9f6slDogRJUhGydkwuBw,,Not Enough History to Score,Not enough history
subway 47512,1118 S Kedzie Ave,60612,ChIJ58mhxZoyDogRIPFFyjGvmwU,,Not Enough History to Score,Not enough history
chicago's chicken shack,1501 W Madison St,60607,ChIJQ6LJ18QsDogRpte-py_G2Nw,,Not Enough History to Score,Not enough history
dunkin,6237 S Halsted Pkwy,60621,ChIJSZVhROEuDogRM_OFHjd79z4,,Not Enough History to Score,Not enough history
subway,3021 N Clark St Space 3,60657,ChIJfdkkiKjTD4gR-jfWw4NnEU0,,Not Enough History to Score,Not enough history
gobble doggs,Inside the LaSalle Street Metra station,60605,ChIJr6rqir0sDogR2Kkerwe4BII,,Not Enough History to Score,Not enough history
n. o. k. kitchen ltd,6075 N Milwaukee Ave,60646,ChIJoYIntk7JD4gRnchIG5vRbr8,,Not Enough History to Score,Not enough history
reggio's pizza express ii,4438 S Cottage Grove Ave,60653,ChIJD9FBYRApDogRSg2XB7lUuxw,,Not Enough History to Score,Not enough history
shayan bbq corp.,2950 W Devon Ave,60659,ChIJPyjuNRfPD4gRiMGZY6Verf8,,Not Enough History to Score,Not enough history
city social,120 N LaSalle St,60602,ChIJ9fHJO7osDogRse5UqOlBwrY,,Not Enough History to Score,Not enough history
