dba_name,zip,predicted_failure_probability,risk_zone,scoring_status
thorndale west cafe #1 inc.,60660,0.9499332904815674,high,Scored
northern taste,60608,0.9428579211235046,high,Scored
border taco,60622,0.9085003733634949,high,Scored
thorndale west cafe #1 inc.,60660,0.8976276516914368,high,Scored
border taco,60622,0.871044933795929,high,Scored
"sushi avenue, inc.",60654,0.8382989168167114,high,Scored
northern taste,60608,0.8257831335067749,high,Scored
thorndale west cafe #1 inc.,60660,0.8236406445503235,high,Scored
oggi trattoria,60642,0.8059595227241516,high,Scored
"brother's submarine & chicken, inc.",60636,0.7749366760253906,high,Scored
"brother's submarine & chicken, inc.",60636,0.7409241795539856,medium,Scored
"sushi avenue, inc.",60654,0.7092134952545166,medium,Scored
oggi trattoria,60642,0.6613889932632446,medium,Scored
thorndale west cafe #1 inc.,60660,0.6549599170684814,medium,Scored
"brother's submarine & chicken, inc.",60636,0.6526890993118286,medium,Scored
"brother's submarine & chicken, inc.",60636,0.6490902900695801,medium,Scored
sang's kitchen,60661,0.5845853090286255,medium,Scored
"brother's submarine & chicken, inc.",60636,0.5824499130249023,medium,Scored
"brother's submarine & chicken, inc.",60636,0.5722182393074036,medium,Scored
oggi trattoria,60642,0.5355713963508606,medium,Scored
"brother's submarine & chicken, inc.",60636,0.5095938444137573,medium,Scored
"brother's submarine & chicken, inc.",60636,0.4880053997039795,low,Scored
sang's kitchen,60661,0.43640315532684326,low,Scored
sang's kitchen,60661,,,Not enough history
