dba_name,address,zip,place_id,predicted_failure_probability,risk_zone,scoring_status
jerk ur soul restaurant,1442 W 103rd St,60643,ChIJ1epGd6glDogRRtPNtrY41ts,0.9850959181785583,high,Scored
white castle #21,3132 N Harlem Ave,60634,ChIJB8IJwgfLD4gRXfSYEHQpCKE,0.9738181829452515,high,Scored
anna purana fast food,2600 W Devon Ave,60659,ChIJ_x3XrN_RD4gRs6pJLFsEsBI,0.9599435925483704,high,Scored
gallucci pizzeria napoletana,1551 N Wells St,60610,ChIJg-Eeq3vTD4gRDQIC0htgJKg,0.938583493232727,high,Scored
captain hooks fish & chicken,8554 S Cottage Grove Ave,60619,ChIJgfMD36YoDogRW9r8FqP4MDM,0.932466447353363,high,Scored
miss saigon,1129 W Argyle St,60640,ChIJfyHi2yrSD4gRQcGAsSn2dYY,0.9165815114974976,high,Scored
ramen san deluxe  tallboy taco,165 E Huron St,60611,ChIJE6f7eTgtDogRqCWFhg4b1NQ,0.9153006672859192,high,Scored
hashbrowns,731 W Maxwell St,60607,ChIJ3b8jSPAsDogRJKaRoFmyyak,0.8831718564033508,high,Scored
wolfy's,2734 W Peterson Ave,60659,ChIJ-RCi4R3OD4gRY7G4sN4_Y_4,0.8760946393013,high,Scored
"wendy's properties,llc",3516 E 118th St,60617,ChIJ6ZJHuJ3YEYgRTq02w1byRIc,0.8695541620254517,high,Scored
restaurante salvadoreno olocuilta inc.,3040 N Laramie Ave,60641,ChIJx_R9L-QKXUARJd-EXrFGwB8,0.8569415211677551,high,Scored
ms. eggroll,4513 N Sheridan Rd,60640,ChIJwZl5ls3TD4gRTFK7gxGdv2c,0.8497035503387451,high,Scored
cafe harold's llc,1552 W 119th St,60643,ChIJJQGjPPUlDogRx6omyZ3bTr8,0.8389586806297302,high,Scored
claudia restaurant,1952 N Damen Ave,60647,ChIJofcbtUgtDogRuRPgFNiZIUk,0.8279354572296143,high,Scored
volcano sushi 90,1062 W Taylor St,60607,ChIJ-YRR8-MsDogRqnt3Dqwqb6Q,0.8131816387176514,high,Scored
big bite sushi,3811 N Ashland Ave,60613,ChIJx3W_nfTTD4gRHpxLRmNe_oE,0.8063446283340454,high,Scored
waldo cooney's pizza,2410 W 111th St,60655,ChIJhTqtENwkDogRAhCW6TPyFxk,0.803727388381958,high,Scored
"medley grill & bbq, llc",8340 S Stony Island Ave,60617,ChIJ52cvnv8pDogRyhfXk7Ww-VE,0.7674314379692078,high,Scored
spin chicago,344 N State St,60654,ChIJ9fuVJa4sDogRNnOHAFsE8gk,0.7646239995956421,high,Scored
starbucks coffee #47593,6332 N Northwest Hwy,60631,ChIJkSMjnnLJD4gR19sdatbWzuY,0.7576143741607666,high,Scored
ragadan,4409 N Broadway,60640,ChIJIdgarNHTD4gRAkv94LvE4o8,0.7533881068229675,high,Scored
bruna's cafe,2424 S Oakley Ave,60608,ChIJp8RUGZotDogRmqMcnYjxS_0,0.7479405999183655,medium,Scored
great dragon,3269 N Milwaukee Ave,60618,ChIJU3GuwUzND4gR71z5gJC9tC8,0.7468365430831909,medium,Scored
shark fish and chicken,8255 S Kedzie Ave,60652,ChIJ6VFe-QMwDogRcj93P6FtkWo,0.738477349281311,medium,Scored
atwood,1 W Washington St,60602,ChIJ1dYmKaUsDogRh34Exjb8IrM,0.730685830116272,medium,Scored
superdawg,6363 N Milwaukee Ave,60646,ChIJcWh97kfJD4gR9zRthArTV6A,0.7219273447990417,medium,Scored
china express restaurant,4640 N Cumberland Ave,60656,ChIJ4ezLY3PLD4gRY4vk17zXDIU,0.7166891098022461,medium,Scored
"min's noodle house, ltd.",3235 S Halsted St,60608,ChIJneclYzgsDogRG7I0ocqJtd0,0.7049424648284912,medium,Scored
pho loan restaurant,1114 W Argyle St,60640,ChIJ0wH3zSrSD4gRTvdZkVDvGp8,0.6814361214637756,medium,Scored
sushi san,63 W Grand Ave,60654,ChIJx5enN7IsDogRlQ9Sx_28t8Q,0.6742978692054749,medium,Scored
pars cove east,435 W Diversey Pkwy,60614,ChIJHR2a_wrTD4gRemuebMs0iEs,0.6701247096061707,medium,Scored
birriera zaragoza,4800 N Broadway,60640,ChIJ7ZHO3TrTD4gRf8g3wnmwf18,0.6549599170684814,medium,Scored
firewood bbq,1856 W North Ave,60622,ChIJzf-0YPrTD4gRU9foV8XLYCw,0.6522300243377686,medium,Scored
morry deli two,2227 W Taylor St,60612,ChIJe2ajzEItDogRo84dqsqRfOQ,0.6201422214508057,medium,Scored
china spring,7005 N Clark St,60626,ChIJT2-LvrbRD4gRtWIrZ9N5t4U,0.5927561521530151,medium,Scored
best intentions,3281 W Armitage Ave,60647,ChIJOX_c02nND4gRhZNyBsxxB2E,0.5828713178634644,medium,Scored
osas african restaurant & catering services,1027 W Wilson Ave,60640,ChIJ7wtxgdLTD4gR2HunyQZ-aJc,0.5766132473945618,medium,Scored
giordano's of beverly,9613 S Western Ave,60643,ChIJ9SJpuUAlDogRrEtz_E3c20E,0.40436527132987976,low,Scored
sweetgreen,1000 W Randolph St,60607,ChIJy1w-FtosDogRKGBXuEUhF1g,0.36965852975845337,low,Scored
flub a dub chub's,3021 N Broadway,60657,ChIJPZeLJKfTD4gRlhLWkRg1M8g,0.13533194363117218,low,Scored
go go white sox grill,MDW,60638,ChIJryouXxsxDogRL9n1fuJFHx8,,Not Enough History to Score,Not enough history
casa margarita,580 E Illinois St,60611,ChIJS8ituVMrDogRy7jGmNNTW7c,,Not Enough History to Score,Not enough history
sugar baby's cafe,742 W Garfield Blvd,60609,ChIJOTDZx_cvDogRwbRSmWb0yHE,,Not Enough History to Score,Not enough history
mc donalds restaurant,6900 N Western Ave,60645,ChIJS2J19NDRD4gRjtlNL_LGGR4,,Not Enough History to Score,Not enough history
dunkin donuts,1201 N Clark St Ste A,60610,ChIJES6XDE_TD4gR2yTK-nEX75g,,Not Enough History to Score,Not enough history
china garden chinese restaurant,10912 S Halsted St,10912,ChIJq2OvXEskDogRP_0Sr4yFIpM,,Not Enough History to Score,Not enough history
pokiology roscoe,2111 W Roscoe St 1st floor,60618,ChIJTXlJAhzTD4gR8i7MMLbQzv4,,Not Enough History to Score,Not enough history
starbucks coffee#65456,251 E Huron St,60611,ChIJwd6J2KosDogRTl4tbv0YJSc,,Not Enough History to Score,Not enough history
nuestro mexico lindo,6530 S Pulaski Rd,60629,ChIJl5u2-ZsxDogRMbmosZlqJVc,,Not Enough History to Score,Not enough history
starbucks coffee #2261,209 W Jackson Blvd,60606,ChIJv1frYr4sDogREXHhVYWaBsc,,Not Enough History to Score,Not enough history
beatrix market,23 E Jackson Blvd,60604,ChIJf7O5HKMsDogRqrVY9qCHRpI,,Not Enough History to Score,Not enough history
mr beef,666 N Orleans St,60654,ChIJv9BaR7UsDogRwgNjPMStF0k,,Not Enough History to Score,Not enough history
chief o'neills pub and restaurant,3471 N Elston Ave,60618,ChIJdfNpBYXND4gRKukIKqAEa5s,,Not Enough History to Score,Not enough history
qiao lin hotpot chicago llc,210 E Illinois St,60611,ChIJcdx7JwAtDogR8p5zq3R0L7E,,Not Enough History to Score,Not enough history
ingrained,108 W Chicago Ave,60654,ChIJsTZRvkDTD4gR-2NRyYYKsrA,,Not Enough History to Score,Not enough history
the evie grill,537 N Michigan Ave Ste 200,60611,ChIJf_rMFkItDogRSXka2DiWpNY,,Not Enough History to Score,Not enough history
monteverde,1020 W Madison St,60607,ChIJMViM4dssDogRdmIJH2z_Q10,,Not Enough History to Score,Not enough history
frera llc,1722 N Western Ave # 1,60647,ChIJ3e96gTjTD4gRi4swUYxjRKI,,Not Enough History to Score,Not enough history
big plate bbq,3355 N Clark St,60657,ChIJzyTrYgDTD4gRTVCQ6dQr6Hs,,Not Enough History to Score,Not enough history
blue food co.,3288 N Elston Ave,60618,ChIJF3f1lqzND4gRStCTVc6aqos,,Not Enough History to Score,Not enough history
