dba_name,zip,predicted_failure_probability,risk_zone
three happiness restaurant,60616,0.9499332904815674,high
siete lunas,60617,0.9428579211235046,high
three happiness restaurant,60616,0.9085003733634949,high
three happiness restaurant,60616,0.8976276516914368,high
three happiness restaurant,60616,0.871044933795929,high
mako,60661,0.8382989168167114,high
gyu kaku restaurant,60611,0.8257831335067749,high
three happiness restaurant,60616,0.8236406445503235,high
three happiness restaurant,60616,0.8059595227241516,high
three happiness restaurant,60616,0.7749366760253906,high
three happiness restaurant,60616,0.7409241795539856,medium
mako,60661,0.7092134952545166,medium
three happiness restaurant,60616,0.6613889932632446,medium
three happiness restaurant,60616,0.6549599170684814,medium
gyu kaku restaurant,60611,0.6526890993118286,medium
gyu kaku restaurant,60611,0.6490902900695801,medium
three happiness restaurant,60616,0.5845853090286255,medium
gyu kaku restaurant,60611,0.5824499130249023,medium
gyu kaku restaurant,60611,0.5722182393074036,medium
three happiness restaurant,60616,0.5355713963508606,medium
gyu kaku restaurant,60611,0.5095938444137573,medium
three happiness restaurant,60616,0.4880053997039795,low
three happiness restaurant,60616,0.43640315532684326,low
taqueria el ranchito,60618,,
taqueria el ranchito,60618,,
taqueria el ranchito,60618,,
taqueria el ranchito,60618,,
taqueria el ranchito,60618,,
taqueria el ranchito,60618,,
taqueria el ranchito,60618,,
taqueria el ranchito,60618,,
taqueria el ranchito,60618,,
taqueria el ranchito,60618,,
taqueria el ranchito,60618,,
taqueria el ranchito,60618,,
taqueria el ranchito,60618,,
taqueria el ranchito,60618,,
taqueria el ranchito,60618,,
taqueria el ranchito,60618,,
taqueria el ranchito,60618,,
ryuu asian bbq,60647,,
ryuu asian bbq,60647,,
ryuu asian bbq,60647,,
ryuu asian bbq,60647,,
taco bell cantina,60610,,
taco bell cantina,60610,,
taco bell cantina,60610,,
taco bell cantina,60610,,
publican quality meats,60607,,
publican quality meats,60607,,
